geracao,melhor,media
1,529,663.18
2,435,622.509900990099
3,432,598.5784313725491
4,377,576.5339805825242
5,353,548.3990384615385
6,338,521.8904761904762
7,232,491.42452830188677
8,232,455.2897196261682
9,160,417.2175925925926
10,160,385.1651376146789
11,160,361.2681818181818
12,97,332.2882882882883
13,55,300.05357142857144
14,0,263.2345132743363
15,0,225.10087719298247
16,0,193.6782608695652
17,0,168.93534482758622
18,0,131.83333333333334
19,0,110.22457627118644
20,0,86.07563025210084
21,0,64.44166666666666
22,0,49.235537190082646
23,0,39.14754098360656
24,0,31.016260162601625
25,0,28.713709677419356
26,0,26.212
27,0,22.321428571428573
28,0,17.45275590551181
29,0,15.50390625
30,0,10.872093023255815
31,0,7.984615384615385
32,0,5.0458015267175576
33,0,4.871212121212121
34,0,1.9849624060150375
35,0,0.417910447761194
36,0,1.511111111111111
37,0,0.0
38,0,0.0
39,0,0.0
40,0,0.0
41,0,0.0
42,0,0.0
43,0,0.0
44,0,0.0
45,0,0.0
46,0,0.0
47,0,0.0
48,0,0.0
49,0,0.0
50,0,0.0
51,0,0.0
52,0,0.0
53,0,0.0
54,0,0.0
55,0,0.0
56,0,0.0
57,0,0.0
58,0,0.0
59,0,0.0
60,0,0.0
61,0,0.0
62,0,0.0
63,0,0.0
64,0,0.0
65,0,0.0
66,0,0.0
67,0,0.0
68,0,0.0
69,0,0.0
70,0,0.0
71,0,0.0
72,0,0.0
73,0,0.0
74,0,0.0
75,0,0.0
76,0,0.0
77,0,0.0
78,0,0.0
79,0,0.0
80,0,0.0
81,0,0.0
82,0,0.0
83,0,0.0
84,0,0.0
85,0,0.0
86,0,0.0
87,0,0.0
88,0,0.0
89,0,0.0
90,0,0.0
91,0,0.0
92,0,0.0
93,0,0.0
94,0,0.0
95,0,0.0
96,0,0.0
97,0,0.0
98,0,0.0
99,0,0.0
100,0,0.0
101,0,0.0
102,0,0.0
103,0,0.0
104,0,0.0
105,0,0.0
106,0,0.0
107,0,0.0
108,0,0.0
109,0,0.0
110,0,0.0
111,0,0.0
112,0,0.0
113,0,0.0
114,0,0.0
115,0,0.0
116,0,0.0
117,0,0.0
118,0,0.0
119,0,0.0
120,0,0.0
121,0,0.0
122,0,0.0
123,0,0.0
124,0,0.0
125,0,0.0
126,0,0.0
127,0,0.0
128,0,0.0
129,0,0.0
130,0,0.0
131,0,0.0
132,0,0.0
133,0,0.0
134,0,0.0
135,0,0.0
136,0,0.0
137,0,0.0
138,0,0.0
139,0,0.0
140,0,0.0
141,0,0.0
142,0,0.0
143,0,0.0
144,0,0.0
145,0,0.0
146,0,0.0
147,0,0.0
148,0,0.0
149,0,0.0
150,0,0.0
151,0,0.0
152,0,0.0
153,0,0.0
154,0,0.0
155,0,0.0
156,0,0.0
157,0,0.0
158,0,0.0
159,0,0.0
160,0,0.0
161,0,0.0
162,0,0.0
163,0,0.0
164,0,0.0
165,0,0.0
166,0,0.0
167,0,0.0
168,0,0.0
169,0,0.0
170,0,0.0
171,0,0.0
172,0,0.0
173,0,0.0
174,0,0.0
175,0,0.0
176,0,0.0
177,0,0.0
178,0,0.0
179,0,0.0
180,0,0.0
181,0,0.0
182,0,0.0
183,0,0.0
184,0,0.0
185,0,0.0
186,0,0.0
187,0,0.0
188,0,0.0
189,0,0.0
190,0,0.0
191,0,0.0
192,0,0.0
193,0,0.0
194,0,0.0
195,0,0.0
196,0,0.0
197,0,0.0
198,0,0.0
199,0,0.0
200,0,0.0
